{
         "perfs_self_play": {
                                    "time": 86.3809727,
                                 "gc_time": 9.3794954,
                               "allocated": 20096357754
                            },
   "perfs_memory_analysis": {
                                    "time": 6.3e-6,
                                 "gc_time": 0,
                               "allocated": 0
                            },
          "perfs_learning": {
                                    "time": 243.9910681,
                                 "gc_time": 14.5925812,
                               "allocated": 24856282885
                            },
               "self_play": {
                                        "samples_gen_speed": 140.17589893717258,
                                              "memory_size": 12054,
                                "average_exploration_depth": 1.9382572552634136,
                               "memory_num_distinct_boards": 12012,
                                    "mcts_memory_footprint": 3467520
                            },
                  "memory": null,
                "learning": {
                                  "checkpoints": [
                                                   {
                                                          "batch_id": 92,
                                                        "evaluation": {
                                                                                     "avgr": 0,
                                                                         "baseline_rewards": [
                                                                                               0,
                                                                                               0,
                                                                                               0,
                                                                                               0,
                                                                                               0,
                                                                                               0,
                                                                                               0,
                                                                                               0,
                                                                                               0,
                                                                                               0,
                                                                                               0,
                                                                                               0,
                                                                                               0,
                                                                                               0,
                                                                                               0,
                                                                                               0
                                                                                             ],
                                                                                     "time": 65.3585389,
                                                                               "redundancy": 0.0011098243582319811,
                                                                                  "rewards": [
                                                                                               0,
                                                                                               0,
                                                                                               0,
                                                                                               0,
                                                                                               0,
                                                                                               0,
                                                                                               0,
                                                                                               0,
                                                                                               0,
                                                                                               0,
                                                                                               0,
                                                                                               0,
                                                                                               0,
                                                                                               0,
                                                                                               0,
                                                                                               0
                                                                                             ],
                                                                                   "legend": "Most recent NN versus best NN so far"
                                                                      },
                                                       "nn_replaced": false,
                                                      "status_after": {
                                                                            "Hp": 1.151345,
                                                                         "Hpnet": 1.2229936,
                                                                          "loss": {
                                                                                     "Lreg": 0.022399183,
                                                                                     "Linv": 0.12411333,
                                                                                       "Lv": 0.0041176514,
                                                                                        "L": 0.22230652,
                                                                                       "Lp": 0.07167048
                                                                                  }
                                                                      }
                                                   }
                                                 ],
                                    "time_loss": 0.4392208,
                                 "time_convert": 4.2893885,
                                       "losses": [
                                                   0.66391855,
                                                   0.5900385,
                                                   0.52749825,
                                                   0.47679278,
                                                   0.44376338,
                                                   0.42270416,
                                                   0.4066952,
                                                   0.375257,
                                                   0.35763726,
                                                   0.35704204,
                                                   0.3448496,
                                                   0.3275753,
                                                   0.31574422,
                                                   0.3128108,
                                                   0.30085996,
                                                   0.29336742,
                                                   0.30088654,
                                                   0.28513885,
                                                   0.28006193,
                                                   0.28115782,
                                                   0.272134,
                                                   0.26976636,
                                                   0.26652592,
                                                   0.26337975,
                                                   0.26092595,
                                                   0.2591302,
                                                   0.25863835,
                                                   0.25596148,
                                                   0.25567648,
                                                   0.25739124,
                                                   0.24748185,
                                                   0.25171787,
                                                   0.2532829,
                                                   0.25360233,
                                                   0.24820115,
                                                   0.245471,
                                                   0.24524327,
                                                   0.24093114,
                                                   0.24416776,
                                                   0.24011536,
                                                   0.23757054,
                                                   0.23965244,
                                                   0.23401624,
                                                   0.23753564,
                                                   0.23196115,
                                                   0.23504886,
                                                   0.23241478,
                                                   0.23977691,
                                                   0.23560362,
                                                   0.23532794,
                                                   0.23432232,
                                                   0.23334733,
                                                   0.23497386,
                                                   0.23200409,
                                                   0.22974114,
                                                   0.23227534,
                                                   0.23180558,
                                                   0.22739637,
                                                   0.23051633,
                                                   0.22699673,
                                                   0.22597198,
                                                   0.22795351,
                                                   0.23384221,
                                                   0.22606826,
                                                   0.2261874,
                                                   0.23304023,
                                                   0.22825836,
                                                   0.22769454,
                                                   0.2273878,
                                                   0.22830625,
                                                   0.22502472,
                                                   0.22639725,
                                                   0.22876084,
                                                   0.22933586,
                                                   0.22593325,
                                                   0.22554694,
                                                   0.22370201,
                                                   0.22620302,
                                                   0.22966857,
                                                   0.22670479,
                                                   0.22614022,
                                                   0.22003306,
                                                   0.22760165,
                                                   0.22181045,
                                                   0.22716962,
                                                   0.22090325,
                                                   0.22647882,
                                                   0.22959873,
                                                   0.2203171,
                                                   0.22687812,
                                                   0.22154035,
                                                   0.22669627
                                                 ],
                               "initial_status": {
                                                       "Hp": 1.151345,
                                                    "Hpnet": 1.0932553,
                                                     "loss": {
                                                                "Lreg": 0.022913927,
                                                                "Linv": 0.12318963,
                                                                  "Lv": 0.29306015,
                                                                   "L": 0.67554396,
                                                                  "Lp": 0.236361
                                                             }
                                                 },
                                    "time_eval": 65.3585389,
                                  "nn_replaced": false,
                                   "time_train": 150.6289707
                            }
}