{
         "perfs_self_play": {
                                    "time": 96.985566,
                                 "gc_time": 11.4536858,
                               "allocated": 21670225000
                            },
   "perfs_memory_analysis": {
                                    "time": 6.0e-7,
                                 "gc_time": 0,
                               "allocated": 0
                            },
          "perfs_learning": {
                                    "time": 114.69985,
                                 "gc_time": 13.0448213,
                               "allocated": 20936871008
                            },
               "self_play": {
                                        "samples_gen_speed": 126.11678345484796,
                                              "memory_size": 50153,
                                "average_exploration_depth": 1.9240795683190342,
                               "memory_num_distinct_boards": 49607,
                                    "mcts_memory_footprint": 4732280
                            },
                  "memory": null,
                "learning": {
                                  "checkpoints": [
                                                   {
                                                          "batch_id": 378,
                                                        "evaluation": {
                                                                                     "avgr": 0,
                                                                         "baseline_rewards": [
                                                                                               0,
                                                                                               0,
                                                                                               0,
                                                                                               0,
                                                                                               0,
                                                                                               0,
                                                                                               0,
                                                                                               0,
                                                                                               0,
                                                                                               0,
                                                                                               0,
                                                                                               0,
                                                                                               0,
                                                                                               0,
                                                                                               0,
                                                                                               0
                                                                                             ],
                                                                                     "time": 76.5417942,
                                                                               "redundancy": 0.0006119951040391425,
                                                                                  "rewards": [
                                                                                               0,
                                                                                               0,
                                                                                               0,
                                                                                               0,
                                                                                               0,
                                                                                               0,
                                                                                               0,
                                                                                               0,
                                                                                               0,
                                                                                               0,
                                                                                               0,
                                                                                               0,
                                                                                               0,
                                                                                               0,
                                                                                               0,
                                                                                               0
                                                                                             ],
                                                                                   "legend": "Most recent NN versus best NN so far"
                                                                      },
                                                       "nn_replaced": false,
                                                      "status_after": {
                                                                            "Hp": 1.1525545,
                                                                         "Hpnet": 1.2104297,
                                                                          "loss": {
                                                                                     "Lreg": 0.006521249,
                                                                                     "Linv": 0.11157351,
                                                                                       "Lv": 0.00012163042,
                                                                                        "L": 0.18456788,
                                                                                       "Lp": 0.066343434
                                                                                  }
                                                                      }
                                                   }
                                                 ],
                                    "time_loss": 2.2172148,
                                 "time_convert": 10.8527283,
                                       "losses": [
                                                   0.19169715,
                                                   0.2009176,
                                                   0.1963465,
                                                   0.19681944,
                                                   0.19617417,
                                                   0.19393681,
                                                   0.19146264,
                                                   0.19210464,
                                                   0.19145124,
                                                   0.19508027,
                                                   0.19354661,
                                                   0.1958914,
                                                   0.19427928,
                                                   0.1927891,
                                                   0.19293363,
                                                   0.19948022,
                                                   0.19549103,
                                                   0.19082886,
                                                   0.19355173,
                                                   0.18998517,
                                                   0.1944179,
                                                   0.18781555,
                                                   0.19042729,
                                                   0.19049023,
                                                   0.1876146,
                                                   0.19102642,
                                                   0.18278049,
                                                   0.1936393,
                                                   0.19094795,
                                                   0.19098914,
                                                   0.19205087,
                                                   0.18830998,
                                                   0.18681999,
                                                   0.18636486,
                                                   0.19475028,
                                                   0.19278823,
                                                   0.1946006,
                                                   0.19190648,
                                                   0.1907305,
                                                   0.19368285,
                                                   0.19256514,
                                                   0.19225372,
                                                   0.19105184,
                                                   0.19118048,
                                                   0.18668786,
                                                   0.19207619,
                                                   0.1944057,
                                                   0.18950577,
                                                   0.19027723,
                                                   0.1885293,
                                                   0.18845685,
                                                   0.18898304,
                                                   0.19578946,
                                                   0.18526483,
                                                   0.19052266,
                                                   0.18937397,
                                                   0.19003525,
                                                   0.19181053,
                                                   0.18906157,
                                                   0.18674363,
                                                   0.18981184,
                                                   0.19460283,
                                                   0.18898492,
                                                   0.19285463,
                                                   0.18879311,
                                                   0.19012567,
                                                   0.19218682,
                                                   0.19380268,
                                                   0.18669055,
                                                   0.19218756,
                                                   0.18971963,
                                                   0.18809368,
                                                   0.19211341,
                                                   0.19280712,
                                                   0.19032568,
                                                   0.18940759,
                                                   0.18525131,
                                                   0.1890229,
                                                   0.1840744,
                                                   0.19252858,
                                                   0.19076532,
                                                   0.18629952,
                                                   0.18816966,
                                                   0.19192715,
                                                   0.190481,
                                                   0.18958934,
                                                   0.18983312,
                                                   0.18691383,
                                                   0.18928751,
                                                   0.19090213,
                                                   0.19063602,
                                                   0.19244818,
                                                   0.1873427,
                                                   0.18806851,
                                                   0.18754096,
                                                   0.18625036,
                                                   0.18813512,
                                                   0.1911178,
                                                   0.18486862,
                                                   0.18839,
                                                   0.1860305,
                                                   0.18905874,
                                                   0.19315718,
                                                   0.19046274,
                                                   0.19162735,
                                                   0.19151855,
                                                   0.1885796,
                                                   0.18840155,
                                                   0.18532406,
                                                   0.18853784,
                                                   0.18916517,
                                                   0.18842418,
                                                   0.19459733,
                                                   0.18801849,
                                                   0.19084252,
                                                   0.19029737,
                                                   0.18640012,
                                                   0.18568212,
                                                   0.18425357,
                                                   0.18707885,
                                                   0.19213833,
                                                   0.18278812,
                                                   0.1904511,
                                                   0.19230917,
                                                   0.18590663,
                                                   0.18723755,
                                                   0.1875694,
                                                   0.1909602,
                                                   0.18614428,
                                                   0.19002587,
                                                   0.18926969,
                                                   0.18460168,
                                                   0.18914805,
                                                   0.18411104,
                                                   0.19867879,
                                                   0.1906384,
                                                   0.18937095,
                                                   0.18791784,
                                                   0.1863119,
                                                   0.18021955,
                                                   0.18998124,
                                                   0.18453853,
                                                   0.19117652,
                                                   0.18849798,
                                                   0.19289649,
                                                   0.19327544,
                                                   0.19213463,
                                                   0.19354153,
                                                   0.18614027,
                                                   0.19398814,
                                                   0.1870748,
                                                   0.19242726,
                                                   0.19053748,
                                                   0.19063261,
                                                   0.18519469,
                                                   0.18895753,
                                                   0.19308008,
                                                   0.18377791,
                                                   0.19345886,
                                                   0.19050893,
                                                   0.18309897,
                                                   0.18966392,
                                                   0.18934433,
                                                   0.19736287,
                                                   0.19062197,
                                                   0.19077767,
                                                   0.18769923,
                                                   0.19200163,
                                                   0.18965846,
                                                   0.18933973,
                                                   0.18862681,
                                                   0.19030523,
                                                   0.18834867,
                                                   0.1864454,
                                                   0.18518107,
                                                   0.18434082,
                                                   0.18342452,
                                                   0.2000529,
                                                   0.18436824,
                                                   0.18827341,
                                                   0.192348,
                                                   0.19281907,
                                                   0.1862581,
                                                   0.18947196,
                                                   0.19172476,
                                                   0.19038871,
                                                   0.19120403,
                                                   0.19053017,
                                                   0.19163932,
                                                   0.18712085,
                                                   0.18567279,
                                                   0.1895327,
                                                   0.18758178,
                                                   0.19094954,
                                                   0.19301236,
                                                   0.19076781,
                                                   0.18737565,
                                                   0.1895049,
                                                   0.19261628,
                                                   0.18683898,
                                                   0.18626674,
                                                   0.19012973,
                                                   0.189391,
                                                   0.184981,
                                                   0.18469776,
                                                   0.18183078,
                                                   0.18930833,
                                                   0.18168595,
                                                   0.18670557,
                                                   0.1897169,
                                                   0.19156832,
                                                   0.18514596,
                                                   0.18796793,
                                                   0.18745798,
                                                   0.18639773,
                                                   0.19243726,
                                                   0.18852048,
                                                   0.18873799,
                                                   0.18771027,
                                                   0.18385115,
                                                   0.18535873,
                                                   0.18221013,
                                                   0.19131018,
                                                   0.18810888,
                                                   0.18798561,
                                                   0.18727143,
                                                   0.19087663,
                                                   0.19136779,
                                                   0.18881397,
                                                   0.19084772,
                                                   0.18741381,
                                                   0.18661879,
                                                   0.18388945,
                                                   0.18868043,
                                                   0.19120944,
                                                   0.1841545,
                                                   0.1857854,
                                                   0.18886659,
                                                   0.18369685,
                                                   0.18705922,
                                                   0.1906513,
                                                   0.18687314,
                                                   0.18334194,
                                                   0.18616855,
                                                   0.18783297,
                                                   0.18657868,
                                                   0.18178302,
                                                   0.18658026,
                                                   0.18414639,
                                                   0.18726869,
                                                   0.18389794,
                                                   0.18583925,
                                                   0.18882532,
                                                   0.18973906,
                                                   0.18600367,
                                                   0.18496929,
                                                   0.18433544,
                                                   0.18603295,
                                                   0.18624462,
                                                   0.18653812,
                                                   0.18117593,
                                                   0.1927491,
                                                   0.18521188,
                                                   0.18625854,
                                                   0.18978213,
                                                   0.17902349,
                                                   0.18518351,
                                                   0.1866882,
                                                   0.1825942,
                                                   0.18466628,
                                                   0.18501565,
                                                   0.18850434,
                                                   0.1868512,
                                                   0.18945748,
                                                   0.18596208,
                                                   0.189189,
                                                   0.18125175,
                                                   0.1934875,
                                                   0.1773807,
                                                   0.18708801,
                                                   0.1879576,
                                                   0.19010243,
                                                   0.18821293,
                                                   0.18715574,
                                                   0.18223213,
                                                   0.18903208,
                                                   0.18526335,
                                                   0.19113344,
                                                   0.18772481,
                                                   0.18576838,
                                                   0.18501517,
                                                   0.18294811,
                                                   0.18579051,
                                                   0.1864871,
                                                   0.18600427,
                                                   0.18981954,
                                                   0.1909134,
                                                   0.18328348,
                                                   0.18559839,
                                                   0.18627134,
                                                   0.17699188,
                                                   0.18527204,
                                                   0.1860984,
                                                   0.1842592,
                                                   0.19059895,
                                                   0.1849526,
                                                   0.18503511,
                                                   0.18906963,
                                                   0.19190444,
                                                   0.19142815,
                                                   0.18642356,
                                                   0.18731901,
                                                   0.18266685,
                                                   0.1821175,
                                                   0.17989275,
                                                   0.1792952,
                                                   0.18435599,
                                                   0.1797107,
                                                   0.1929785,
                                                   0.18342789,
                                                   0.18965021,
                                                   0.18473713,
                                                   0.18499675,
                                                   0.17805345,
                                                   0.18348314,
                                                   0.18571042,
                                                   0.19008513,
                                                   0.18467744,
                                                   0.18809694,
                                                   0.18186474,
                                                   0.18714511,
                                                   0.18901779,
                                                   0.18457511,
                                                   0.18494281,
                                                   0.18612097,
                                                   0.18560268,
                                                   0.18255772,
                                                   0.18793122,
                                                   0.19183853,
                                                   0.18696393,
                                                   0.18431689,
                                                   0.18299156,
                                                   0.18600596,
                                                   0.18760559,
                                                   0.18259045,
                                                   0.17946811,
                                                   0.18785022,
                                                   0.18378957,
                                                   0.18872435,
                                                   0.17749119,
                                                   0.18359315,
                                                   0.18745044,
                                                   0.18453273,
                                                   0.19055244,
                                                   0.18092848,
                                                   0.188117,
                                                   0.18674843,
                                                   0.18344702,
                                                   0.190495,
                                                   0.18645029,
                                                   0.17925483,
                                                   0.1803439,
                                                   0.18715772,
                                                   0.18475448,
                                                   0.18566917,
                                                   0.18831009,
                                                   0.18504459,
                                                   0.18372229,
                                                   0.18610188,
                                                   0.18804623,
                                                   0.19075412,
                                                   0.18578276,
                                                   0.18786202,
                                                   0.19003579,
                                                   0.18891513,
                                                   0.18776822,
                                                   0.1866448,
                                                   0.1840122
                                                 ],
                               "initial_status": {
                                                       "Hp": 1.1525545,
                                                    "Hpnet": 1.2104977,
                                                     "loss": {
                                                                "Lreg": 0.010575806,
                                                                "Linv": 0.114632286,
                                                                  "Lv": 0.00026412442,
                                                                   "L": 0.19159468,
                                                                  "Lp": 0.06611438
                                                             }
                                                 },
                                    "time_eval": 76.5417942,
                                  "nn_replaced": false,
                                   "time_train": 8.3730964
                            }
}