{
         "perfs_self_play": {
                                    "time": 83.7042221,
                                 "gc_time": 10.6826334,
                               "allocated": 20229626552
                            },
   "perfs_memory_analysis": {
                                    "time": 6.0e-7,
                                 "gc_time": 0,
                               "allocated": 0
                            },
          "perfs_learning": {
                                    "time": 107.2151249,
                                 "gc_time": 11.5155347,
                               "allocated": 20221457120
                            },
               "self_play": {
                                        "samples_gen_speed": 149.45025047129766,
                                              "memory_size": 37957,
                                "average_exploration_depth": 1.9428984677712111,
                               "memory_num_distinct_boards": 37620,
                                    "mcts_memory_footprint": 3225600
                            },
                  "memory": null,
                "learning": {
                                  "checkpoints": [
                                                   {
                                                          "batch_id": 287,
                                                        "evaluation": {
                                                                                     "avgr": 0,
                                                                         "baseline_rewards": [
                                                                                               0,
                                                                                               0,
                                                                                               0,
                                                                                               0,
                                                                                               0,
                                                                                               0,
                                                                                               0,
                                                                                               0,
                                                                                               0,
                                                                                               0,
                                                                                               0,
                                                                                               0,
                                                                                               0,
                                                                                               0,
                                                                                               0,
                                                                                               0
                                                                                             ],
                                                                                     "time": 78.3169994,
                                                                               "redundancy": 0.0016103567346766878,
                                                                                  "rewards": [
                                                                                               0,
                                                                                               0,
                                                                                               0,
                                                                                               0,
                                                                                               0,
                                                                                               0,
                                                                                               0,
                                                                                               0,
                                                                                               0,
                                                                                               0,
                                                                                               0,
                                                                                               0,
                                                                                               0,
                                                                                               0,
                                                                                               0,
                                                                                               0
                                                                                             ],
                                                                                   "legend": "Most recent NN versus best NN so far"
                                                                      },
                                                       "nn_replaced": false,
                                                      "status_after": {
                                                                            "Hp": 1.1517634,
                                                                         "Hpnet": 1.209665,
                                                                          "loss": {
                                                                                     "Lreg": 0.010575806,
                                                                                     "Linv": 0.115302294,
                                                                                       "Lv": 0.00026059875,
                                                                                        "L": 0.19206056,
                                                                                       "Lp": 0.06591413
                                                                                  }
                                                                      }
                                                   }
                                                 ],
                                    "time_loss": 1.5424011,
                                 "time_convert": 8.3270105,
                                       "losses": [
                                                   0.20138709,
                                                   0.20667608,
                                                   0.20568031,
                                                   0.19718467,
                                                   0.20431939,
                                                   0.20616923,
                                                   0.19932805,
                                                   0.2076894,
                                                   0.20462295,
                                                   0.20374036,
                                                   0.19482487,
                                                   0.20329975,
                                                   0.20580338,
                                                   0.20709048,
                                                   0.1987297,
                                                   0.19720973,
                                                   0.20089822,
                                                   0.201933,
                                                   0.20393515,
                                                   0.20635448,
                                                   0.20288475,
                                                   0.20585778,
                                                   0.20074816,
                                                   0.19819248,
                                                   0.1978117,
                                                   0.20212296,
                                                   0.20178343,
                                                   0.1987695,
                                                   0.19826873,
                                                   0.20397907,
                                                   0.20116863,
                                                   0.20139849,
                                                   0.20633785,
                                                   0.20141715,
                                                   0.20562291,
                                                   0.19935417,
                                                   0.20125104,
                                                   0.1993277,
                                                   0.2048171,
                                                   0.20259576,
                                                   0.1984081,
                                                   0.1994307,
                                                   0.19938017,
                                                   0.20014374,
                                                   0.19604103,
                                                   0.19981597,
                                                   0.20259643,
                                                   0.2030776,
                                                   0.20209491,
                                                   0.20119122,
                                                   0.204352,
                                                   0.2008299,
                                                   0.2031867,
                                                   0.20323671,
                                                   0.196891,
                                                   0.20395732,
                                                   0.19899093,
                                                   0.20509572,
                                                   0.19847783,
                                                   0.19789048,
                                                   0.20050238,
                                                   0.19931273,
                                                   0.20310083,
                                                   0.19619021,
                                                   0.19622369,
                                                   0.20048207,
                                                   0.1980427,
                                                   0.19805893,
                                                   0.19913386,
                                                   0.19884728,
                                                   0.20110524,
                                                   0.19246584,
                                                   0.19717148,
                                                   0.19877091,
                                                   0.20389193,
                                                   0.19869952,
                                                   0.20319633,
                                                   0.19823633,
                                                   0.19868526,
                                                   0.20132916,
                                                   0.19651613,
                                                   0.20052156,
                                                   0.20243238,
                                                   0.20130287,
                                                   0.20284262,
                                                   0.20194866,
                                                   0.19570772,
                                                   0.1953381,
                                                   0.198604,
                                                   0.20411955,
                                                   0.19430698,
                                                   0.19897495,
                                                   0.19924591,
                                                   0.198755,
                                                   0.19942409,
                                                   0.2017846,
                                                   0.19979854,
                                                   0.19803172,
                                                   0.20238926,
                                                   0.19886819,
                                                   0.2014563,
                                                   0.1998039,
                                                   0.19895236,
                                                   0.20020455,
                                                   0.19793966,
                                                   0.19859943,
                                                   0.2032611,
                                                   0.20108432,
                                                   0.19322884,
                                                   0.19088836,
                                                   0.20014077,
                                                   0.19806856,
                                                   0.20628795,
                                                   0.20135717,
                                                   0.195101,
                                                   0.19820271,
                                                   0.19451016,
                                                   0.19305386,
                                                   0.19886325,
                                                   0.20703222,
                                                   0.19860277,
                                                   0.19635926,
                                                   0.1987714,
                                                   0.19268401,
                                                   0.19432911,
                                                   0.19705467,
                                                   0.19409947,
                                                   0.19921117,
                                                   0.19900082,
                                                   0.19148105,
                                                   0.19668372,
                                                   0.19685966,
                                                   0.20062202,
                                                   0.19838685,
                                                   0.19400732,
                                                   0.19423692,
                                                   0.19934256,
                                                   0.20444919,
                                                   0.20051922,
                                                   0.20547849,
                                                   0.1955241,
                                                   0.18960021,
                                                   0.19673666,
                                                   0.19584039,
                                                   0.20050094,
                                                   0.19842124,
                                                   0.19033705,
                                                   0.19746579,
                                                   0.19853534,
                                                   0.19911313,
                                                   0.19827573,
                                                   0.20240545,
                                                   0.19727069,
                                                   0.19858555,
                                                   0.19691311,
                                                   0.19362466,
                                                   0.20132957,
                                                   0.1879151,
                                                   0.19551657,
                                                   0.19257702,
                                                   0.19347319,
                                                   0.19613583,
                                                   0.19904146,
                                                   0.1939171,
                                                   0.19785121,
                                                   0.1930051,
                                                   0.19401805,
                                                   0.19495903,
                                                   0.194092,
                                                   0.19119379,
                                                   0.1964225,
                                                   0.19394948,
                                                   0.19476365,
                                                   0.19813228,
                                                   0.20004812,
                                                   0.19125453,
                                                   0.19216213,
                                                   0.19191486,
                                                   0.19122936,
                                                   0.19556646,
                                                   0.19798075,
                                                   0.20192763,
                                                   0.19630398,
                                                   0.19623536,
                                                   0.19468635,
                                                   0.19640173,
                                                   0.19487226,
                                                   0.19768947,
                                                   0.19255179,
                                                   0.18999235,
                                                   0.19704898,
                                                   0.19596806,
                                                   0.19396615,
                                                   0.19976349,
                                                   0.19767348,
                                                   0.20112965,
                                                   0.19412747,
                                                   0.19840287,
                                                   0.20037125,
                                                   0.19525808,
                                                   0.2013783,
                                                   0.19038586,
                                                   0.1942708,
                                                   0.19144714,
                                                   0.1920614,
                                                   0.19311015,
                                                   0.19726907,
                                                   0.19697066,
                                                   0.19373064,
                                                   0.18925816,
                                                   0.19632298,
                                                   0.19736642,
                                                   0.19467875,
                                                   0.19671693,
                                                   0.19624232,
                                                   0.20120451,
                                                   0.19418852,
                                                   0.19223472,
                                                   0.19235775,
                                                   0.19751215,
                                                   0.19457425,
                                                   0.1947529,
                                                   0.20038502,
                                                   0.19513796,
                                                   0.19528781,
                                                   0.19166791,
                                                   0.1989038,
                                                   0.19495937,
                                                   0.18992567,
                                                   0.19212583,
                                                   0.19264747,
                                                   0.19099477,
                                                   0.19906747,
                                                   0.19774905,
                                                   0.1974175,
                                                   0.19614162,
                                                   0.19267634,
                                                   0.19822653,
                                                   0.19550224,
                                                   0.19032499,
                                                   0.19613397,
                                                   0.1949843,
                                                   0.19486189,
                                                   0.19475892,
                                                   0.1954054,
                                                   0.19605021,
                                                   0.1999829,
                                                   0.19732487,
                                                   0.19528542,
                                                   0.19372594,
                                                   0.1929286,
                                                   0.18951988,
                                                   0.19379431,
                                                   0.18964729,
                                                   0.19649035,
                                                   0.19610895,
                                                   0.19732985,
                                                   0.19309653,
                                                   0.19846252,
                                                   0.19525303,
                                                   0.19803344,
                                                   0.19989012,
                                                   0.19613422,
                                                   0.19089434,
                                                   0.19157927,
                                                   0.19330415,
                                                   0.19541788,
                                                   0.19041215,
                                                   0.19584839,
                                                   0.19031607,
                                                   0.19276659,
                                                   0.1954757,
                                                   0.19429472,
                                                   0.1958784,
                                                   0.18541798,
                                                   0.19534089,
                                                   0.1948173,
                                                   0.19633913,
                                                   0.1877138,
                                                   0.19200866,
                                                   0.18791509,
                                                   0.19406104,
                                                   0.19397022,
                                                   0.1907884,
                                                   0.19357523,
                                                   0.18538879,
                                                   0.19066903
                                                 ],
                               "initial_status": {
                                                       "Hp": 1.1517634,
                                                    "Hpnet": 1.2132498,
                                                     "loss": {
                                                                "Lreg": 0.016718427,
                                                                "Linv": 0.1210657,
                                                                  "Lv": 0.00073686434,
                                                                   "L": 0.202385,
                                                                  "Lp": 0.06385585
                                                             }
                                                 },
                                    "time_eval": 78.3169994,
                                  "nn_replaced": false,
                                   "time_train": 6.6333954
                            }
}