{
         "perfs_self_play": {
                                    "time": 94.8472973,
                                 "gc_time": 12.1376444,
                               "allocated": 22721998824
                            },
   "perfs_memory_analysis": {
                                    "time": 9.0e-7,
                                 "gc_time": 0,
                               "allocated": 0
                            },
          "perfs_learning": {
                                    "time": 87.7472251,
                                 "gc_time": 9.3431475,
                               "allocated": 16873526496
                            },
               "self_play": {
                                        "samples_gen_speed": 141.9517332930686,
                                              "memory_size": 25486,
                                "average_exploration_depth": 1.9657375146552687,
                               "memory_num_distinct_boards": 25320,
                                    "mcts_memory_footprint": 4142880
                            },
                  "memory": null,
                "learning": {
                                  "checkpoints": [
                                                   {
                                                          "batch_id": 194,
                                                        "evaluation": {
                                                                                     "avgr": 0,
                                                                         "baseline_rewards": [
                                                                                               0,
                                                                                               0,
                                                                                               0,
                                                                                               0,
                                                                                               0,
                                                                                               0,
                                                                                               0,
                                                                                               0,
                                                                                               0,
                                                                                               0,
                                                                                               0,
                                                                                               0,
                                                                                               0,
                                                                                               0,
                                                                                               0,
                                                                                               0
                                                                                             ],
                                                                                     "time": 68.4126831,
                                                                               "redundancy": 0.000302663438256634,
                                                                                  "rewards": [
                                                                                               0,
                                                                                               0,
                                                                                               0,
                                                                                               0,
                                                                                               0,
                                                                                               0,
                                                                                               0,
                                                                                               0,
                                                                                               0,
                                                                                               0,
                                                                                               0,
                                                                                               0,
                                                                                               0,
                                                                                               0,
                                                                                               0,
                                                                                               0
                                                                                             ],
                                                                                   "legend": "Most recent NN versus best NN so far"
                                                                      },
                                                       "nn_replaced": false,
                                                      "status_after": {
                                                                            "Hp": 1.1501346,
                                                                         "Hpnet": 1.2124541,
                                                                          "loss": {
                                                                                     "Lreg": 0.016718427,
                                                                                     "Linv": 0.12181274,
                                                                                       "Lv": 0.0007193239,
                                                                                        "L": 0.20327666,
                                                                                       "Lp": 0.06401919
                                                                                  }
                                                                      }
                                                   }
                                                 ],
                                    "time_loss": 1.163943,
                                 "time_convert": 5.2308448,
                                       "losses": [
                                                   0.22708295,
                                                   0.23066375,
                                                   0.22853729,
                                                   0.22965242,
                                                   0.2279005,
                                                   0.22529687,
                                                   0.21978402,
                                                   0.22151428,
                                                   0.22022507,
                                                   0.22068582,
                                                   0.22421879,
                                                   0.22001879,
                                                   0.22170582,
                                                   0.21885058,
                                                   0.21905774,
                                                   0.22285749,
                                                   0.22254477,
                                                   0.21760643,
                                                   0.22056618,
                                                   0.22156954,
                                                   0.21429369,
                                                   0.2221733,
                                                   0.21745326,
                                                   0.22570379,
                                                   0.21634123,
                                                   0.21894114,
                                                   0.22235364,
                                                   0.21334375,
                                                   0.21593204,
                                                   0.2202349,
                                                   0.21956135,
                                                   0.21561007,
                                                   0.21768686,
                                                   0.21336992,
                                                   0.21804295,
                                                   0.21149288,
                                                   0.21499357,
                                                   0.21524386,
                                                   0.21058986,
                                                   0.21828169,
                                                   0.21837689,
                                                   0.22006714,
                                                   0.21879525,
                                                   0.21593456,
                                                   0.208718,
                                                   0.21719898,
                                                   0.21749897,
                                                   0.21786548,
                                                   0.2134607,
                                                   0.2155596,
                                                   0.21445939,
                                                   0.20959051,
                                                   0.21302067,
                                                   0.21503784,
                                                   0.21607305,
                                                   0.21172653,
                                                   0.21094447,
                                                   0.21490504,
                                                   0.21196803,
                                                   0.20897648,
                                                   0.20971788,
                                                   0.20915303,
                                                   0.21209814,
                                                   0.2165675,
                                                   0.2094577,
                                                   0.21603183,
                                                   0.21344124,
                                                   0.21453594,
                                                   0.21749945,
                                                   0.214108,
                                                   0.21580642,
                                                   0.21226098,
                                                   0.21550497,
                                                   0.21082857,
                                                   0.21247497,
                                                   0.21000499,
                                                   0.20963797,
                                                   0.21187322,
                                                   0.20722839,
                                                   0.21273479,
                                                   0.21175538,
                                                   0.20714034,
                                                   0.21009405,
                                                   0.21158677,
                                                   0.21095613,
                                                   0.21634354,
                                                   0.21420994,
                                                   0.21033406,
                                                   0.20998846,
                                                   0.21261041,
                                                   0.20745854,
                                                   0.21326913,
                                                   0.21072464,
                                                   0.21148753,
                                                   0.2087953,
                                                   0.20895459,
                                                   0.20825396,
                                                   0.2037241,
                                                   0.20915632,
                                                   0.20881177,
                                                   0.20823978,
                                                   0.20681126,
                                                   0.21144451,
                                                   0.20890245,
                                                   0.21241902,
                                                   0.20335558,
                                                   0.20844166,
                                                   0.20680276,
                                                   0.20344964,
                                                   0.20777921,
                                                   0.20968224,
                                                   0.20609784,
                                                   0.20842917,
                                                   0.20976174,
                                                   0.20741077,
                                                   0.2068172,
                                                   0.20635597,
                                                   0.20800517,
                                                   0.20594092,
                                                   0.20998009,
                                                   0.20626606,
                                                   0.20983428,
                                                   0.21133061,
                                                   0.20524462,
                                                   0.20924139,
                                                   0.20593196,
                                                   0.20364322,
                                                   0.20745936,
                                                   0.20708425,
                                                   0.20782858,
                                                   0.20604248,
                                                   0.20642269,
                                                   0.21084426,
                                                   0.20501679,
                                                   0.2090881,
                                                   0.20972912,
                                                   0.20999977,
                                                   0.20681496,
                                                   0.21021391,
                                                   0.20733732,
                                                   0.20793799,
                                                   0.20847903,
                                                   0.21330139,
                                                   0.20670152,
                                                   0.20881413,
                                                   0.2075815,
                                                   0.20442075,
                                                   0.20094578,
                                                   0.21144348,
                                                   0.20692553,
                                                   0.20739302,
                                                   0.20295712,
                                                   0.20684409,
                                                   0.20797078,
                                                   0.20194364,
                                                   0.2075835,
                                                   0.2064395,
                                                   0.20704176,
                                                   0.20420238,
                                                   0.20032483,
                                                   0.20493089,
                                                   0.20724112,
                                                   0.20502199,
                                                   0.20777352,
                                                   0.20465334,
                                                   0.20821331,
                                                   0.20605549,
                                                   0.20510858,
                                                   0.20460002,
                                                   0.2122474,
                                                   0.2074196,
                                                   0.1979749,
                                                   0.20231405,
                                                   0.20440935,
                                                   0.21098785,
                                                   0.20724729,
                                                   0.20353359,
                                                   0.20625436,
                                                   0.20353417,
                                                   0.20843194,
                                                   0.20560323,
                                                   0.20604813,
                                                   0.20469613,
                                                   0.20649937,
                                                   0.20017514,
                                                   0.2074214,
                                                   0.20561591,
                                                   0.20511809,
                                                   0.2030872,
                                                   0.20603919,
                                                   0.20181619,
                                                   0.20371461,
                                                   0.20463169,
                                                   0.20610112
                                                 ],
                               "initial_status": {
                                                       "Hp": 1.1501346,
                                                    "Hpnet": 1.2223101,
                                                     "loss": {
                                                                "Lreg": 0.02239919,
                                                                "Linv": 0.12468314,
                                                                  "Lv": 0.004243695,
                                                                   "L": 0.22404525,
                                                                  "Lp": 0.0727122
                                                             }
                                                 },
                                    "time_eval": 68.4126831,
                                  "nn_replaced": false,
                                   "time_train": 3.9682899
                            }
}